Word, Frequency
and, 718
the, 682
i, 655
to, 557
a, 474
of, 392
my, 358
that, 352
is, 350
in, 324
romeo, 309
you, 295
s, 288
thou, 278
me, 264
not, 258
with, 251
it, 227
for, 225
this, 217
be, 210
but, 183
juliet, 181
o, 175
what, 173
thy, 167
d, 161
as, 157
her, 152
love, 150
will, 148
nurse, 146
capulet, 146
so, 145
thee, 139
he, 136
his, 133
have, 127
she, 127
by, 116
lady, 114
shall, 110
your, 103
no, 102
friar, 98
come, 97
all, 97
him, 97
ll, 91
here, 89
do, 89
mercutio, 88
night, 88
from, 86
then, 84
good, 83
if, 82
now, 82
enter, 81
benvolio, 80
on, 79
tybalt, 78
an, 78
laurence, 77
go, 76
we, 76
death, 75
man, 72
there, 69
at, 69
or, 68
more, 68
are, 68
well, 64
hath, 63
which, 62
one, 60
our, 60
paris, 59
they, 59
up, 59
am, 59
how, 58
where, 58
sir, 58
too, 57
would, 56
some, 56
day, 56
say, 55
art, 54
when, 53
out, 53
let, 51
was, 49
should, 49
dead, 48
give, 47
doth, 47
yet, 47
may, 47
than, 47
their, 47
such, 46
tell, 45
montague, 43
them, 43
fair, 43
these, 43
upon, 43
take, 41
like, 41
must, 40
make, 40
tis, 40
did, 40
can, 40
st, 40
know, 40
prince, 38
why, 38
much, 37
were, 37
who, 37
god, 36
see, 36
sweet, 36
time, 34
look, 34
heart, 34
first, 33
gone, 33
ay, 32
exit, 31
lord, 31
stay, 31
exeunt, 30
house, 30
us, 30
wilt, 30
word, 29
speak, 29
light, 29
peter, 29
men, 28
mine, 28
true, 28
er, 28
eyes, 28
heaven, 28
hast, 28
back, 28
bed, 28
old, 27
dear, 27
name, 27
servant, 27
comes, 27
again, 27
hence, 27
father, 26
stand, 26
scene, 26
hand, 25
hear, 25
very, 25
being, 25
call, 24
find, 24
therefore, 23
away, 23
die, 23
think, 23
part, 23
both, 23
young, 23
marry, 23
face, 23
madam, 23
life, 22
till, 22
two, 22
lie, 22
made, 22
holy, 21
sampson, 21
cannot, 21
farewell, 21
any, 21
morrow, 21
within, 21
ere, 20
before, 20
been, 20
had, 20
down, 20
tears, 20
nor, 20
nay, 20
earth, 20
cousin, 19
lies, 19
live, 19
world, 19
gregory, 19
wife, 19
peace, 19
married, 19
second, 18
never, 18
son, 18
balthasar, 18
banished, 18
thing, 18
ah, 18
poor, 18
eye, 18
blood, 18
help, 18
put, 18
bid, 18
faith, 18
grave, 17
hold, 17
slain, 17
kill, 17
hour, 17
long, 17
pray, 17
cell, 17
county, 17
lips, 17
villain, 17
could, 17
other, 17
own, 17
daughter, 16
keep, 16
ill, 16
child, 16
fear, 16
alone, 16
those, 16
fall, 16
sun, 16
most, 16
early, 16
dost, 16
whose, 15
new, 15
said, 15
mother, 15
head, 15
talk, 15
still, 15
rest, 15
none, 15
news, 15
hate, 14
above, 14
haste, 14
poison, 14
watch, 14
gentleman, 14
soul, 14
husband, 14
many, 14
breath, 14
myself, 14
same, 14
without, 14
thursday, 14
soon, 14
nothing, 14
woe, 14
lives, 14
letter, 14
use, 14
musician, 14
mantua, 14
joy, 14
grief, 13
turn, 13
beauty, 13
another, 13
sound, 13
came, 13
leave, 13
thine, 13
place, 13
friend, 13
verona, 13
get, 13
else, 13
run, 13
send, 13
sin, 13
hands, 13
gentle, 13
ho, 13
sleep, 12
every, 12
even, 12
ever, 12
law, 12
better, 12
forth, 12
master, 12
best, 12
shame, 12
happy, 12
hither, 12
years, 12
little, 12
t, 12
kinsman, 12
makes, 12
wit, 12
bear, 12
pardon, 11
quarrel, 11
lay, 11
alack, 11
shalt, 11
boy, 11
mad, 11
show, 11
black, 11
morning, 11
chamber, 11
dream, 11
late, 11
ye, 11
since, 11
marriage, 11
pale, 11
though, 11
draw, 11
body, 11
tomb, 11
need, 11
bring, 11
warrant, 11
page, 11
about, 11
tongue, 11
answer, 10
silver, 10
mean, 10
re, 10
mistress, 10
rich, 10
full, 10
against, 10
music, 10
says, 10
maid, 10
torch, 10
saw, 10
ground, 10
gentlemen, 10
weep, 10
ne, 10
flower, 10
calls, 10
comfort, 10
rosaline, 10
foot, 10
heavy, 10
done, 10
twenty, 10
saint, 10
set, 10
church, 10
straight, 10
because, 10
himself, 10
once, 10
kiss, 10
ears, 10
desperate, 10
wall, 10
off, 10
swear, 10
end, 9
days, 9
john, 9
murder, 9
way, 9
sight, 9
indeed, 9
aside, 9
only, 9
case, 9
fortune, 9
either, 9
forget, 9
hours, 9
play, 9
arm, 9
unto, 9
into, 9
others, 9
great, 9
move, 9
ancient, 9
thus, 9
vault, 9
hide, 8
churchyard, 8
woes, 8
musicians, 8
mind, 8
three, 8
things, 8
woful, 8
bound, 8
counsel, 8
clouds, 8
sword, 8
goose, 8
bite, 8
alas, 8
enough, 8
mark, 8
noble, 8
vile, 8
follow, 8
through, 8
bosom, 8
lovers, 8
welcome, 8
sea, 8
last, 8
anon, 8
having, 8
meet, 8
high, 8
bones, 8
hie, 8
times, 8
watchman, 8
means, 8
sorrow, 8
merry, 8
thought, 8
noise, 8
apothecary, 8
book, 8
sick, 8
under, 7
hot, 7
air, 7
near, 7
brother, 7
bloody, 7
loving, 7
remember, 7
cold, 7
shows, 7
honest, 7
beseech, 7
thousand, 7
sudden, 7
dark, 7
act, 7
dagger, 7
stars, 7
corse, 7
moved, 7
banishment, 7
fearful, 7
past, 7
short, 7
orchard, 7
fool, 7
found, 7
feel, 7
flesh, 7
hit, 7
tender, 7
fire, 7
while, 7
maids, 7
canst, 7
next, 7
pretty, 7
fetch, 7
writ, 7
looks, 7
thyself, 7
measure, 7
words, 7
ear, 7
behold, 7
yonder, 6
hadst, 6
street, 6
capulets, 6
envious, 6
spoke, 6
hurt, 6
itself, 6
fie, 6
slew, 6
ha, 6
wast, 6
serve, 6
took, 6
matter, 6
seen, 6
strength, 6
dog, 6
ii, 6
jest, 6
exile, 6
foe, 6
falls, 6
fight, 6
awhile, 6
company, 6
dies, 6
prove, 6
speaks, 6
tale, 6
thumb, 6
girl, 6
care, 6
flowers, 6
proud, 6
abraham, 6
among, 6
cords, 6
read, 6
deep, 6
far, 6
ask, 6
den, 6
stir, 6
return, 6
reason, 6
kind, 6
youth, 6
breast, 6
enemy, 6
close, 6
whom, 6
cheek, 6
five, 6
lark, 6
age, 6
doom, 6
cheeks, 6
iii, 6
sit, 6
sirrah, 6
feast, 6
fourteen, 6
herself, 6
unless, 6
nature, 6
monument, 6
thank, 6
wild, 6
strange, 6
less, 6
match, 6
home, 6
lead, 6
wish, 6
didst, 6
fingers, 5
dry, 5
patience, 5
strike, 5
after, 5
green, 5
consent, 5
satisfied, 5
break, 5
side, 5
laid, 5
hang, 5
already, 5
cupid, 5
fain, 5
scorn, 5
trust, 5
quickly, 5
voice, 5
iv, 5
ease, 5
dreams, 5
right, 5
form, 5
montagues, 5
longer, 5
dance, 5
wherefore, 5
honour, 5
v, 5
slow, 5
change, 5
bow, 5
withal, 5
dove, 5
window, 5
hall, 5
living, 5
blind, 5
yourself, 5
ring, 5
open, 5
gives, 5
sad, 5
anger, 5
bade, 5
bright, 5
chide, 5
written, 5
asleep, 5
wake, 5
brow, 5
wisely, 5
joyful, 5
dare, 5
power, 5
slaughter, 5
ladies, 5
blessed, 5
hare, 5
wits, 5
fellow, 5
swords, 5
tear, 5
honourable, 5
further, 5
brief, 5
excuse, 5
town, 5
dew, 5
nine, 5
learn, 5
rude, 5
pleasure, 5
hell, 5
might, 5
wash, 5
houses, 5
wench, 5
heads, 5
grace, 5
bride, 5
quoth, 5
gold, 5
fine, 5
mercy, 5
woo, 5
simple, 5
wedding, 5
ready, 5
shape, 5
wings, 5
sighs, 5
piteous, 5
crow, 5
heir, 5
point, 5
shrift, 5
stop, 5
fray, 5
truth, 5
cause, 5
shut, 5
prepare, 5
lamentable, 5
rough, 5
untimely, 5
beat, 5
state, 5
commend, 5
banish, 5
soft, 5
letters, 5
wise, 5
friends, 5
conjure, 4
foul, 4
met, 4
hers, 4
golden, 4
guests, 4
warm, 4
room, 4
worn, 4
wouldst, 4
wind, 4
bitter, 4
wisdom, 4
tree, 4
iron, 4
seek, 4
dares, 4
spite, 4
forsworn, 4
bad, 4
fault, 4
coz, 4
signior, 4
east, 4
mouse, 4
supper, 4
jealous, 4
yours, 4
left, 4
yea, 4
gave, 4
birth, 4
adieu, 4
bold, 4
citizens, 4
civil, 4
fought, 4
uncle, 4
nightly, 4
minute, 4
gentlewoman, 4
stands, 4
along, 4
sake, 4
fly, 4
needs, 4
course, 4
half, 4
veins, 4
en, 4
city, 4
damned, 4
slay, 4
buried, 4
note, 4
begin, 4
sure, 4
prick, 4
going, 4
seal, 4
tut, 4
spirit, 4
quiet, 4
pay, 4
ghostly, 4
lightning, 4
moon, 4
knave, 4
rage, 4
sadness, 4
intents, 4
thither, 4
mask, 4
streets, 4
pass, 4
womb, 4
search, 4
depart, 4
known, 4
rather, 4
coming, 4
hark, 4
hard, 4
bridegroom, 4
seeming, 4
knocking, 4
believe, 4
grey, 4
sell, 4
towards, 4
oft, 4
cover, 4
heavens, 4
cry, 4
remove, 4
bare, 4
flies, 4
raise, 4
secret, 4
empty, 4
vow, 4
hoar, 4
cut, 4
work, 4
lent, 4
e, 4
strew, 4
fatal, 4
torture, 4
kinsmen, 4
knife, 4
waking, 4
sour, 4
ran, 4
names, 4
doubt, 4
weeping, 4
women, 4
something, 4
lamb, 4
attend, 4
steel, 4
loved, 4
beg, 4
lover, 4
deny, 4
consort, 4
wear, 4
hope, 4
cruel, 4
amen, 4
precious, 4
swift, 4
walk, 4
hateful, 4
lest, 4
loss, 4
hair, 4
broad, 4
beshrew, 4
keeps, 4
weeps, 4
count, 4
kisses, 4
beats, 4
protest, 3
rouse, 3
sweetest, 3
encounter, 3
disturb, 3
wednesday, 3
n, 3
liberty, 3
told, 3
kindred, 3
substance, 3
charge, 3
honey, 3
wrong, 3
third, 3
modesty, 3
meat, 3
rosemary, 3
logs, 3
content, 3
got, 3
free, 3
hood, 3
airy, 3
curtains, 3
lammas, 3
loathsome, 3
craves, 3
murderer, 3
conduct, 3
sail, 3
finger, 3
drawn, 3
approach, 3
weak, 3
weary, 3
vain, 3
grown, 3
wound, 3
delight, 3
thoughts, 3
hearts, 3
afore, 3
thanks, 3
advanced, 3
save, 3
prologue, 3
pain, 3
burn, 3
post, 3
bury, 3
courtesy, 3
afternoon, 3
despised, 3
temper, 3
fury, 3
sometime, 3
prayer, 3
faithful, 3
toad, 3
brows, 3
wanton, 3
patient, 3
goes, 3
humour, 3
retires, 3
afford, 3
making, 3
arise, 3
sharp, 3
sworn, 3
bawd, 3
mab, 3
scratch, 3
date, 3
needy, 3
occasion, 3
possess, 3
term, 3
year, 3
aloof, 3
dinner, 3
mayst, 3
fiery, 3
white, 3
wide, 3
wert, 3
r, 3
lick, 3
wretch, 3
knew, 3
shot, 3
saints, 3
stain, 3
truly, 3
borrow, 3
beseeming, 3
fickle, 3
cast, 3
jesu, 3
summer, 3
touch, 3
speed, 3
ruled, 3
pronounce, 3
cursed, 3
groan, 3
shroud, 3
taste, 3
field, 3
backward, 3
children, 3
present, 3
woman, 3
worse, 3
lain, 3
fan, 3
small, 3
clock, 3
public, 3
strong, 3
faint, 3
apprehend, 3
morn, 3
horses, 3
wretched, 3
door, 3
knows, 3
compare, 3
joints, 3
sense, 3
court, 3
creature, 3
calm, 3
susan, 3
rapier, 3
food, 3
walls, 3
likeness, 3
murders, 3
teach, 3
beast, 3
blush, 3
hundred, 3
dwell, 3
supposed, 3
toward, 3
alike, 3
self, 3
griefs, 3
appear, 3
fiend, 3
remedy, 3
hid, 3
cease, 3
courteous, 3
bark, 3
knees, 3
exchange, 3
please, 3
contrary, 3
sole, 3
whole, 3
drunk, 3
hollow, 3
devil, 3
dug, 3
unaccustom, 3
withdraw, 3
purpose, 3
solemnity, 3
spent, 3
toil, 3
cup, 3
born, 3
bridal, 3
knock, 3
abroad, 3
youthful, 3
seeing, 3
fast, 3
suit, 3
slander, 3
cure, 3
mattock, 3
meaning, 3
virtuous, 3
fond, 3
presently, 3
rhyme, 3
business, 3
giving, 3
bird, 3
proof, 3
sought, 3
counterfeit, 3
delay, 3
philosophy, 3
canker, 3
beauties, 3
lo, 3
choose, 3
pure, 3
affections, 3
gallant, 3
confess, 3
thrust, 3
apt, 3
yond, 3
twas, 3
blows, 3
between, 3
jule, 3
wakes, 3
buy, 3
sings, 3
mis, 3
visor, 3
tidings, 3
hire, 3
joint, 3
brain, 3
nightingale, 3
view, 3
powder, 3
closed, 3
laugh, 3
gaze, 3
waste, 3
almost, 3
turns, 3
valour, 3
cross, 3
slave, 3
yon, 3
drink, 3
judgment, 3
servingmen, 3
cries, 3
wed, 3
citizen, 3
burden, 3
lost, 3
lends, 3
inconstant, 3
immortal, 3
daylight, 3
leap, 3
passion, 3
discords, 3
urged, 3
confession, 3
plague, 3
devise, 3
deadly, 3
oppression, 3
methinks, 3
chance, 3
four, 2
mansion, 2
pride, 2
amorous, 2
disobedient, 2
pilgrim, 2
venus, 2
triumph, 2
awake, 2
valiant, 2
evermore, 2
lights, 2
worser, 2
leaves, 2
changed, 2
smoke, 2
sorrows, 2
arms, 2
brings, 2
reign, 2
excellent, 2
ward, 2
ware, 2
blade, 2
worm, 2
ta, 2
want, 2
song, 2
robes, 2
passado, 2
aloud, 2
office, 2
over, 2
partisans, 2
wrought, 2
fit, 2
shadows, 2
grows, 2
each, 2
went, 2
bone, 2
laying, 2
proportion, 2
forgot, 2
whip, 2
misfortune, 2
forty, 2
fellows, 2
newly, 2
turning, 2
deceived, 2
starts, 2
festival, 2
rank, 2
hearing, 2
neck, 2
bethink, 2
happily, 2
endure, 2
feeling, 2
palace, 2
quench, 2
rat, 2
seem, 2
sounding, 2
spade, 2
doors, 2
maiden, 2
mouth, 2
breathed, 2
purged, 2
condemned, 2
apace, 2
just, 2
bliss, 2
mend, 2
capel, 2
wearing, 2
leisure, 2
stol, 2
knocks, 2
doting, 2
steal, 2
unworthy, 2
fail, 2
miserable, 2
skulls, 2
draws, 2
lazy, 2
drew, 2
debt, 2
pity, 2
spurs, 2
groans, 2
asked, 2
jack, 2
eyesight, 2
beggar, 2
demesnes, 2
twain, 2
lovely, 2
prosperous, 2
drugs, 2
catch, 2
pitiful, 2
wagoner, 2
enmity, 2
discourses, 2
mortals, 2
descend, 2
lusty, 2
fairly, 2
tops, 2
sleeps, 2
sentence, 2
yes, 2
yew, 2
enters, 2
spread, 2
beloved, 2
prison, 2
hap, 2
ope, 2
dreamt, 2
burnt, 2
vanity, 2
desire, 2
vestal, 2
deal, 2
deaf, 2
clubs, 2
bore, 2
enemies, 2
bottom, 2
hazel, 2
brawl, 2
despair, 2
raised, 2
presence, 2
wax, 2
trim, 2
soundly, 2
felt, 2
younger, 2
misadventure, 2
teeth, 2
souls, 2
vex, 2
tush, 2
terror, 2
choice, 2
stays, 2
cook, 2
join, 2
trouble, 2
dim, 2
quick, 2
prevent, 2
drinks, 2
favour, 2
order, 2
french, 2
water, 2
roaring, 2
thirty, 2
guilty, 2
madman, 2
wealth, 2
entrance, 2
outrage, 2
dismal, 2
cat, 2
heard, 2
pink, 2
dooms, 2
write, 2
vitae, 2
mar, 2
suck, 2
grow, 2
natural, 2
switch, 2
shoes, 2
forfeit, 2
limbs, 2
spy, 2
suspicion, 2
ours, 2
roses, 2
nought, 2
underneath, 2
streaks, 2
thankful, 2
shown, 2
brags, 2
obsequies, 2
siege, 2
quite, 2
motion, 2
carry, 2
households, 2
watching, 2
brains, 2
eyed, 2
antic, 2
shamest, 2
womanish, 2
baggage, 2
offer, 2
wanting, 2
price, 2
duellist, 2
pair, 2
egg, 2
salt, 2
merit, 2
trow, 2
hist, 2
tailor, 2
carrion, 2
sport, 2
wonder, 2
twixt, 2
ways, 2
ornament, 2
weapons, 2
import, 2
prettiest, 2
pluck, 2
pilot, 2
shaft, 2
cock, 2
taking, 2
forbear, 2
strain, 2
different, 2
shuts, 2
inquire, 2
week, 2
nest, 2
persons, 2
fruit, 2
passing, 2
cheerly, 2
amazed, 2
violent, 2
blow, 2
struck, 2
frown, 2
greeting, 2
served, 2
twelve, 2
smiles, 2
troth, 2
ashes, 2
blest, 2
hunt, 2
francis, 2
stone, 2
whence, 2
stony, 2
burning, 2
determine, 2
loathed, 2
cats, 2
mangled, 2
ended, 2
maskers, 2
corns, 2
affection, 2
wormwood, 2
tremble, 2
tedious, 2
repent, 2
herbs, 2
torches, 2
mass, 2
worms, 2
month, 2
belonging, 2
sitting, 2
mothers, 2
undone, 2
henceforward, 2
ten, 2
winds, 2
rate, 2
sum, 2
learned, 2
everlasting, 2
soldier, 2
misery, 2
taken, 2
stick, 2
broke, 2
glad, 2
cunning, 2
remain, 2
share, 2
poverty, 2
unlucky, 2
fa, 2
palmers, 2
maidenhead, 2
held, 2
paper, 2
saucy, 2
parts, 2
weeds, 2
bigger, 2
hereafter, 2
shop, 2
bless, 2
minstrels, 2
lantern, 2
fish, 2
paradise, 2
defy, 2
fled, 2
circumstance, 2
forgive, 2
disposition, 2
stabs, 2
number, 2
brave, 2
miss, 2
story, 2
guest, 2
hangs, 2
smile, 2
store, 2
attendants, 2
storm, 2
pump, 2
excels, 2
king, 2
legs, 2
vial, 2
fights, 2
livery, 2
gall, 2
dancing, 2
cave, 2
wedded, 2
feasting, 2
windows, 2
sometimes, 2
sepulchre, 2
heaviness, 2
stones, 2
wounded, 2
henceforth, 2
unhappy, 2
beauteous, 2
begins, 2
beams, 2
trees, 2
silk, 2
common, 2
happiness, 2
rite, 2
zounds, 2
sold, 2
finds, 2
manners, 2
hoarse, 2
dun, 2
mutiny, 2
meeting, 2
presses, 2
lovest, 2
crutch, 2
shake, 2
fairer, 2
choler, 2
grant, 2
daughters, 2
riddling, 2
fairies, 2
person, 2
cheer, 2
conceit, 2
confessor, 2
behind, 2
seems, 2
parents, 2
crying, 2
big, 2
dearly, 2
moody, 2
strife, 2
chorus, 2
scape, 2
foolish, 2
often, 2
spring, 2
palm, 2
ornaments, 2
gallops, 2
nose, 2
heed, 2
step, 2
fee, 2
stinted, 2
pains, 2
question, 2
forward, 2
dull, 2
called, 2
bell, 2
likewise, 2
scarlet, 2
single, 2
sullen, 2
nice, 2
potion, 2
dram, 2
ago, 2
vice, 2
fresh, 2
gossip, 2
graves, 2
helps, 2
sent, 2
stiff, 2
knight, 2
eve, 2
try, 2
bleeding, 2
odd, 2
plays, 2
leg, 2
spake, 2
nimble, 2
sink, 2
sing, 2
climb, 2
forbid, 2
manage, 2
private, 2
lodging, 2
eleven, 2
bitterly, 2
infection, 2
gladly, 2
account, 2
locks, 2
challenge, 2
servants, 2
native, 2
scurvy, 2
tyrant, 2
flattering, 2
revived, 2
thence, 2
meantime, 2
instruments, 2
mightst, 2
adventure, 2
array, 2
singular, 2
messenger, 2
mortal, 2
dump, 2
bears, 2
gear, 2
perforce, 2
aught, 2
loves, 2
devotion, 2
false, 2
tide, 2
pursued, 2
able, 2
soar, 2
vengeance, 2
camest, 2
couldst, 2
bier, 2
counsellor, 2
meant, 2
detestable, 2
stuff, 2
prayers, 2
joys, 2
worship, 2
neither, 2
deliver, 2
pilgrims, 2
aqua, 2
beguiled, 2
respect, 2
tutor, 2
feather, 2
general, 2
c, 2
neighbour, 2
examine, 2
sits, 2
began, 2
serving, 2
merciful, 2
effect, 2
trudge, 2
weapon, 2
drawing, 2
stout, 2
potpan, 2
reckoning, 2
raven, 2
grandsire, 2
press, 2
immediately, 2
fools, 2
lose, 2
heel, 2
shed, 2
whither, 2
alive, 2
blubbering, 2
obey, 2
drift, 2
throne, 2
seest, 2
brawls, 2
quarrelling, 2
rejoice, 2
trencher, 2
rushes, 2
doing, 2
volume, 2
bud, 2
smooth, 2
delights, 2
piece, 2
bearing, 2
nursed, 2
monday, 2
entreat, 2
stock, 1
gossamer, 1
ladybird, 1
demand, 1
needful, 1
blisters, 1
fathom, 1
spiders, 1
hanging, 1
appetite, 1
captain, 1
clasps, 1
swan, 1
tickle, 1
portentous, 1
sorry, 1
sway, 1
worth, 1
wondrous, 1
merchant, 1
lure, 1
aurora, 1
penny, 1
govern, 1
stabbed, 1
bringing, 1
courageous, 1
waverer, 1
healthsome, 1
conceive, 1
clothes, 1
enjoy, 1
parted, 1
mumbling, 1
force, 1
warns, 1
feathers, 1
direct, 1
pulse, 1
shining, 1
lesser, 1
solemn, 1
beaten, 1
sunder, 1
frank, 1
tips, 1
seeks, 1
cull, 1
hero, 1
rigour, 1
dreadful, 1
revels, 1
rocks, 1
mew, 1
pate, 1
path, 1
shriek, 1
rests, 1
mangle, 1
piercing, 1
pack, 1
changes, 1
moral, 1
counts, 1
cherishing, 1
alligator, 1
hungry, 1
noting, 1
violently, 1
unadvised, 1
breathe, 1
goodfellows, 1
rust, 1
wary, 1
breaths, 1
sped, 1
divorced, 1
sweeten, 1
rood, 1
sweeter, 1
packthread, 1
serpent, 1
preserving, 1
laughs, 1
tatter, 1
heartless, 1
disparagement, 1
fay, 1
untalk, 1
nuts, 1
gapes, 1
adjacent, 1
gate, 1
dignified, 1
aboard, 1
rise, 1
ladder, 1
infold, 1
behoveful, 1
lap, 1
outcry, 1
descent, 1
purchase, 1
profess, 1
attempt, 1
scourge, 1
hasty, 1
minim, 1
unharm, 1
season, 1
childhood, 1
wink, 1
scarf, 1
misgives, 1
wine, 1
deck, 1
puling, 1
helena, 1
colliers, 1
plainly, 1
mandrakes, 1
properer, 1
writing, 1
tilts, 1
dedicate, 1
brawling, 1
vast, 1
fade, 1
whipp, 1
prevented, 1
enrich, 1
school, 1
twere, 1
retorts, 1
sack, 1
monarch, 1
interrupt, 1
bread, 1
brightness, 1
herald, 1
victory, 1
arrow, 1
burial, 1
jocund, 1
statue, 1
affliction, 1
spider, 1
hanged, 1
fortnight, 1
waddled, 1
whit, 1
borne, 1
grubs, 1
whining, 1
unbound, 1
won, 1
driving, 1
vessels, 1
safety, 1
affords, 1
medicine, 1
interchanging, 1
prorogue, 1
peevish, 1
eternal, 1
revenge, 1
mistaking, 1
dashing, 1
abate, 1
wolvish, 1
knit, 1
shelves, 1
blaze, 1
anselme, 1
messages, 1
speedy, 1
loud, 1
penury, 1
intercession, 1
dexterity, 1
hoop, 1
fantasy, 1
sober, 1
toy, 1
usurer, 1
attach, 1
parting, 1
top, 1
girls, 1
twisted, 1
gentlemanlike, 1
tool, 1
helen, 1
shortly, 1
tithe, 1
begone, 1
distance, 1
peril, 1
intrusion, 1
soonest, 1
coward, 1
sycamore, 1
crave, 1
idle, 1
tackled, 1
solely, 1
fashion, 1
sees, 1
groaning, 1
modern, 1
manner, 1
rooteth, 1
dozen, 1
fierce, 1
subjects, 1
niece, 1
mickle, 1
cleft, 1
curfew, 1
starved, 1
humbly, 1
dial, 1
anatomy, 1
reverence, 1
circled, 1
proverb, 1
wantons, 1
singer, 1
grove, 1
maidenheads, 1
flow, 1
breathes, 1
reputation, 1
swifter, 1
saying, 1
chariot, 1
bait, 1
subtly, 1
queen, 1
liest, 1
musty, 1
nephew, 1
unworthiest, 1
busy, 1
sies, 1
hoars, 1
poultice, 1
spits, 1
theme, 1
pursuing, 1
mixture, 1
gainst, 1
pierced, 1
plats, 1
report, 1
earl, 1
runs, 1
sailing, 1
hastes, 1
thrusts, 1
rung, 1
wronged, 1
hasten, 1
runn, 1
nut, 1
divideth, 1
convey, 1
infectious, 1
damnation, 1
prostrate, 1
pricking, 1
solace, 1
artificial, 1
injuries, 1
score, 1
tainted, 1
discovery, 1
terms, 1
vows, 1
wean, 1
weal, 1
ignorance, 1
unfold, 1
defiance, 1
flowering, 1
drowsy, 1
kitchen, 1
foes, 1
accident, 1
cot, 1
logic, 1
vexed, 1
trunk, 1
hilding, 1
charnel, 1
accustom, 1
startles, 1
ropes, 1
commission, 1
interest, 1
canopy, 1
thrice, 1
eastern, 1
culling, 1
sallow, 1
gracious, 1
manes, 1
lessen, 1
aim, 1
distemperature, 1
seeds, 1
concludes, 1
study, 1
pastry, 1
remembering, 1
quinces, 1
stint, 1
containing, 1
waken, 1
severity, 1
unsavoury, 1
perform, 1
villanous, 1
forehead, 1
petrucio, 1
eloquence, 1
several, 1
couple, 1
bells, 1
comforted, 1
reeky, 1
digressing, 1
consents, 1
afraid, 1
kin, 1
descry, 1
opportunity, 1
tassel, 1
kept, 1
entreated, 1
singleness, 1
settled, 1
redeem, 1
inherit, 1
doff, 1
greatest, 1
qualities, 1
mourners, 1
forsaken, 1
repose, 1
swears, 1
upturned, 1
adding, 1
collars, 1
ell, 1
dearer, 1
agile, 1
strains, 1
hag, 1
prisoner, 1
shoemaker, 1
reverso, 1
atomies, 1
advances, 1
breaks, 1
bearer, 1
boxes, 1
discreet, 1
mocker, 1
burns, 1
dignity, 1
contradict, 1
performing, 1
prating, 1
baskets, 1
splendor, 1
hung, 1
forerun, 1
blades, 1
meats, 1
people, 1
sends, 1
scathe, 1
crows, 1
displeasure, 1
burneth, 1
nobleman, 1
osier, 1
perchance, 1
purple, 1
herring, 1
opposite, 1
asking, 1
loins, 1
denied, 1
serpents, 1
confusion, 1
tartar, 1
lamps, 1
keeper, 1
taker, 1
conceal, 1
theirs, 1
gentler, 1
flourishes, 1
cherish, 1
eight, 1
meddle, 1
lief, 1
sparing, 1
whate, 1
doctrine, 1
twill, 1
stumble, 1
lenity, 1
keepers, 1
starve, 1
snowy, 1
crown, 1
tigers, 1
fore, 1
twould, 1
heat, 1
inexorable, 1
interr, 1
heap, 1
removed, 1
continuance, 1
moveth, 1
smilest, 1
martial, 1
extremity, 1
sups, 1
bids, 1
bounds, 1
retire, 1
crystal, 1
drave, 1
bide, 1
stirreth, 1
separated, 1
shin, 1
covert, 1
umpire, 1
darting, 1
meagre, 1
promised, 1
sympathy, 1
addle, 1
willingly, 1
smelt, 1
uttered, 1
flood, 1
shrine, 1
holding, 1
smell, 1
rid, 1
simon, 1
departed, 1
journey, 1
dateless, 1
smelling, 1
variable, 1
proceeding, 1
stoccata, 1
holp, 1
juiced, 1
apology, 1
blushing, 1
fears, 1
awaking, 1
together, 1
lurk, 1
steeds, 1
push, 1
prolixity, 1
treading, 1
dust, 1
gown, 1
fares, 1
tying, 1
chain, 1
tuners, 1
princox, 1
laura, 1
convoy, 1
extremities, 1
hole, 1
discern, 1
depend, 1
hildings, 1
flask, 1
confounds, 1
passage, 1
flowered, 1
praised, 1
text, 1
exposition, 1
division, 1
beggarly, 1
drudge, 1
falconer, 1
stratagems, 1
consorted, 1
level, 1
teat, 1
inauspicious, 1
engrossing, 1
team, 1
round, 1
talked, 1
minion, 1
sigh, 1
discover, 1
cost, 1
dried, 1
scarce, 1
venge, 1
curse, 1
imagined, 1
drunkard, 1
bearers, 1
clears, 1
wail, 1
climbs, 1
hairs, 1
lolling, 1
fantasticoes, 1
earthquake, 1
wait, 1
healths, 1
expressly, 1
shift, 1
spheres, 1
bon, 1
unpleasing, 1
yoke, 1
conveniently, 1
reclaim, 1
treasure, 1
purblind, 1
ache, 1
voices, 1
angry, 1
quivering, 1
wood, 1
sleeping, 1
opposed, 1
wondering, 1
memory, 1
ripening, 1
scope, 1
angels, 1
perjuries, 1
muffle, 1
validity, 1
leaving, 1
divinest, 1
drown, 1
virtue, 1
behalf, 1
wretchedness, 1
purge, 1
quivers, 1
overheard, 1
drybeat, 1
following, 1
deceased, 1
admired, 1
haply, 1
stream, 1
fortunes, 1
provoke, 1
stole, 1
chid, 1
lacks, 1
winter, 1
displeased, 1
cloak, 1
freezes, 1
dined, 1
cannon, 1
staying, 1
rites, 1
unfirm, 1
sy, 1
liquid, 1
candles, 1
speakest, 1
yielding, 1
gorged, 1
basket, 1
tall, 1
truce, 1
acts, 1
cutt, 1
quarrelled, 1
cuts, 1
birds, 1
acknowledge, 1
mantle, 1
abhorred, 1
lamentation, 1
forms, 1
troubled, 1
hop, 1
sooner, 1
touching, 1
flint, 1
sorted, 1
courtship, 1
provision, 1
wagon, 1
james, 1
dido, 1
drop, 1
gavest, 1
quarter, 1
heartsick, 1
fired, 1
decreed, 1
fires, 1
prompter, 1
begun, 1
et, 1
bauble, 1
giddy, 1
drier, 1
looking, 1
cancell, 1
boundless, 1
miles, 1
dissemblers, 1
eagle, 1
attended, 1
monster, 1
older, 1
uncover, 1
orb, 1
advance, 1
language, 1
reels, 1
promotion, 1
widow, 1
warning, 1
feign, 1
spoken, 1
merrily, 1
spokes, 1
spanish, 1
rind, 1
discharged, 1
languish, 1
sheet, 1
burying, 1
mistemper, 1
stifled, 1
chastity, 1
bounty, 1
blazon, 1
compass, 1
butt, 1
holder, 1
distill, 1
booted, 1
searchers, 1
sweetmeats, 1
angel, 1
plaintain, 1
argument, 1
dash, 1
mates, 1
invite, 1
goodman, 1
cooks, 1
roused, 1
strucken, 1
steads, 1
trembles, 1
constable, 1
sale, 1
pernicious, 1
sunset, 1
axe, 1
mistresses, 1
perch, 1
walking, 1
profaners, 1
discovered, 1
trespass, 1
bucklers, 1
mannerly, 1
gnat, 1
slop, 1
unkind, 1
stair, 1
title, 1
stained, 1
stains, 1
invocation, 1
dispute, 1
dishonourable, 1
assistant, 1
nell, 1
medlar, 1
naked, 1
ambling, 1
tallow, 1
crotchets, 1
environed, 1
sheathed, 1
honesty, 1
bargain, 1
famine, 1
salutation, 1
fails, 1
receipt, 1
nets, 1
heavenly, 1
haughty, 1
label, 1
rail, 1
hiss, 1
affecting, 1
presage, 1
notice, 1
tiberio, 1
lineament, 1
punto, 1
blame, 1
spare, 1
beguil, 1
moans, 1
killing, 1
privy, 1
distressed, 1
dates, 1
alla, 1
vitravio, 1
region, 1
according, 1
contract, 1
forsooth, 1
prorogued, 1
wheels, 1
utterance, 1
undraws, 1
stretches, 1
madness, 1
pox, 1
quean, 1
dispatch, 1
satisfaction, 1
learning, 1
disgrace, 1
runaway, 1
hams, 1
considering, 1
stretch, 1
west, 1
punished, 1
combined, 1
marr, 1
dumps, 1
reflex, 1
direction, 1
blessing, 1
homely, 1
drawer, 1
minister, 1
drum, 1
careful, 1
griping, 1
profane, 1
sauce, 1
trick, 1
proves, 1
deformities, 1
residence, 1
graze, 1
endured, 1
antony, 1
tardy, 1
hills, 1
embrace, 1
limping, 1
heels, 1
appertaining, 1
receptacle, 1
ship, 1
harsh, 1
nuptials, 1
assure, 1
pothecary, 1
bowl, 1
speech, 1
exhales, 1
misshapen, 1
sickness, 1
tyrannous, 1
muffled, 1
cheers, 1
jaws, 1
vowel, 1
intended, 1
apparell, 1
slug, 1
bondage, 1
versal, 1
pacing, 1
louring, 1
desirest, 1
fume, 1
armour, 1
knot, 1
greetings, 1
benedicite, 1
excuses, 1
thinking, 1
rose, 1
pestilent, 1
senseless, 1
hereabouts, 1
lets, 1
lengthens, 1
wanders, 1
caetera, 1
offence, 1
stools, 1
confines, 1
traffic, 1
execution, 1
phaethon, 1
sails, 1
stranger, 1
gossips, 1
serves, 1
tower, 1
bench, 1
falsehood, 1
misapplied, 1
grub, 1
titan, 1
kings, 1
divine, 1
gross, 1
perverse, 1
mood, 1
curious, 1
noon, 1
lend, 1
stopp, 1
abound, 1
prudence, 1
unluckily, 1
porter, 1
measuring, 1
benefice, 1
assembly, 1
sprung, 1
broken, 1
seducing, 1
drums, 1
throw, 1
tread, 1
contagion, 1
roar, 1
violence, 1
drag, 1
thrive, 1
chop, 1
fell, 1
parson, 1
tributary, 1
whiter, 1
fishes, 1
bepaint, 1
lively, 1
parties, 1
dank, 1
buds, 1
chinks, 1
rancour, 1
whereon, 1
stark, 1
appears, 1
low, 1
worst, 1
purgatory, 1
gory, 1
pitcher, 1
usest, 1
beginners, 1
gore, 1
faster, 1
abused, 1
rush, 1
sisterhood, 1
tiptoe, 1
flirt, 1
impute, 1
abuses, 1
agree, 1
expect, 1
frighted, 1
money, 1
accents, 1
resolve, 1
shrunk, 1
midwife, 1
sheath, 1
deed, 1
moves, 1
film, 1
fill, 1
stumbled, 1
pensive, 1
retiring, 1
tempest, 1
offered, 1
briefly, 1
winking, 1
pear, 1
decree, 1
dishonour, 1
wounds, 1
suited, 1
serious, 1
grudge, 1
thorn, 1
forswear, 1
lamentations, 1
pinion, 1
resolution, 1
forbidden, 1
tarry, 1
unrest, 1
suspected, 1
lace, 1
wakened, 1
matron, 1
strangers, 1
repetition, 1
hunting, 1
fellowship, 1
paramour, 1
sparkling, 1
unseemly, 1
tail, 1
highmost, 1
crimson, 1
shrived, 1
hideous, 1
unfurnished, 1
flowed, 1
puffs, 1
peruse, 1
soled, 1
roe, 1
rogue, 1
unmann, 1
amerce, 1
soles, 1
begot, 1
marvellous, 1
list, 1
afeard, 1
large, 1
highway, 1
liars, 1
plain, 1
joiner, 1
holidame, 1
gyves, 1
heralds, 1
idolatry, 1
dian, 1
defence, 1
darkness, 1
sweetly, 1
deliciousness, 1
milk, 1
crush, 1
dwells, 1
toes, 1
christian, 1
estate, 1
threatened, 1
loose, 1
pilgrimage, 1
uneven, 1
excess, 1
table, 1
jaunt, 1
tortoise, 1
steerage, 1
extremes, 1
action, 1
narrow, 1
bodes, 1
dire, 1
chapless, 1
courtier, 1
impeach, 1
bladders, 1
follower, 1
fearfully, 1
armed, 1
wield, 1
goeth, 1
gorgeous, 1
blister, 1
therewithal, 1
mire, 1
brisk, 1
flag, 1
howlings, 1
lisping, 1
alderman, 1
waxes, 1
carelessly, 1
arbitrating, 1
lour, 1
beautiful, 1
prompt, 1
visage, 1
gallop, 1
thievish, 1
claps, 1
numbers, 1
phrase, 1
swung, 1
dress, 1
huge, 1
respective, 1
behests, 1
hugh, 1
abhors, 1
cordial, 1
speeding, 1
assailing, 1
mi, 1
bawdy, 1
headstrong, 1
plant, 1
tried, 1
tetchy, 1
thrills, 1
refuse, 1
chiefly, 1
shady, 1
eats, 1
jove, 1
dragon, 1
footed, 1
shore, 1
scaring, 1
perjured, 1
lasting, 1
playing, 1
grasshoppers, 1
infant, 1
remnants, 1
winged, 1
comfortable, 1
suffer, 1
its, 1
pens, 1
glide, 1
deeds, 1
abbey, 1
resort, 1
followers, 1
bout, 1
lath, 1
ally, 1
associate, 1
sucking, 1
seeking, 1
distilled, 1
bedeck, 1
thereof, 1
lightens, 1
complain, 1
valentio, 1
saluteth, 1
exiled, 1
boisterous, 1
friendship, 1
button, 1
exquisite, 1
garish, 1
harlotry, 1
bandying, 1
gun, 1
thisbe, 1
cloudy, 1
undertake, 1
suspecting, 1
operation, 1
chequering, 1
trusty, 1
unnatural, 1
childish, 1
testify, 1
reverend, 1
acting, 1
health, 1
issue, 1
smock, 1
confidence, 1
pleasant, 1
thrown, 1
acquaint, 1
thread, 1
omit, 1
enforce, 1
cheering, 1
wither, 1
beggars, 1
catling, 1
consequence, 1
throws, 1
beggary, 1
dine, 1
dirges, 1
valentine, 1
feet, 1
elder, 1
bandy, 1
least, 1
fees, 1
mist, 1
utters, 1
bescreen, 1
moderately, 1
revive, 1
nobly, 1
dealing, 1
revel, 1
justly, 1
placentio, 1
mistres, 1
madmen, 1
bower, 1
prodigious, 1
stirs, 1
truckle, 1
compliments, 1
kindly, 1
lament, 1
double, 1
pennyworths, 1
stale, 1
conduit, 1
affray, 1
substantial, 1
idles, 1
dismember, 1
nights, 1
jour, 1
distemper, 1
couch, 1
labour, 1
lip, 1
finding, 1
brace, 1
club, 1
quote, 1
reach, 1
charm, 1
moonshine, 1
clear, 1
naught, 1
bodies, 1
weigh, 1
harlots, 1
abroach, 1
compounds, 1
wailing, 1
driveth, 1
felon, 1
gadding, 1
justice, 1
writes, 1
rotten, 1
penalty, 1
surcease, 1
circle, 1
ordained, 1
pleading, 1
revolts, 1
affright, 1
whistle, 1
courage, 1
closely, 1
reply, 1
merchandise, 1
catcher, 1
unlook, 1
sacrificed, 1
timeless, 1
sojourn, 1
sacrifices, 1
tavern, 1
severing, 1
doublet, 1
disperse, 1
dishclout, 1
melancholy, 1
caitiff, 1
learns, 1
spirits, 1
visiting, 1
wot, 1
prevails, 1
smallest, 1
funeral, 1
compliment, 1
fiddlestick, 1
drivelling, 1
betossed, 1
subject, 1
hill, 1
opposition, 1
baleful, 1
lightness, 1
servingman, 1
reverse, 1
foreign, 1
entertain, 1
lash, 1
overset, 1
tongues, 1
danced, 1
acted, 1
throughout, 1
simpleness, 1
monthly, 1
create, 1
dropping, 1
sociable, 1
threaten, 1
lived, 1
consume, 1
squirrel, 1
sending, 1
orisons, 1
convert, 1
bestrides, 1
liver, 1
confusions, 1
poised, 1
plants, 1
practise, 1
frozen, 1
forgetting, 1
behavior, 1
fun, 1
guide, 1
fleer, 1
lodges, 1
vaulty, 1
leans, 1
reads, 1
owes, 1
churl, 1
vanish, 1
anguish, 1
chase, 1
skins, 1
aches, 1
italy, 1
shirt, 1
choking, 1
belong, 1
butcher, 1
wherein, 1
angelical, 1
severest, 1
madly, 1
advise, 1
revolt, 1
arrives, 1
lawyers, 1
itch, 1
mountain, 1
keys, 1
pomegranate, 1
absolved, 1
leaps, 1
dared, 1
pricks, 1
marchpane, 1
weakest, 1
grievance, 1
plagues, 1
unseen, 1
morsel, 1
named, 1
snow, 1
pardoning, 1
letting, 1
tables, 1
conjured, 1
errand, 1
hated, 1
scales, 1
throats, 1
rebeck, 1
lifts, 1
rear, 1
tormented, 1
easter, 1
livest, 1
overthrows, 1
amended, 1
indite, 1
wives, 1
mischance, 1
game, 1
clout, 1
jointure, 1
bit, 1
overthrown, 1
submission, 1
shaped, 1
follows, 1
signal, 1
shapen, 1
glove, 1
continue, 1
nipple, 1
divining, 1
lenten, 1
unplagued, 1
paly, 1
humorous, 1
unsubstantial, 1
necessaries, 1
added, 1
doleful, 1
candle, 1
oddly, 1
ourselves, 1
savage, 1
acquaintance, 1
twinkle, 1
fettle, 1
bankrupt, 1
religion, 1
pen, 1
augmenting, 1
enjoin, 1
wayward, 1
virtues, 1
obscured, 1
constrains, 1
rote, 1
untaught, 1
adversity, 1
hatred, 1
bleeds, 1
deflowered, 1
glooming, 1
coachmakers, 1
coil, 1
righteous, 1
smells, 1
liege, 1
custom, 1
occupy, 1
spakest, 1
whereto, 1
maria, 1
opens, 1
jacks, 1
ascend, 1
frost, 1
boys, 1
soundpost, 1
hopes, 1
nieces, 1
forefather, 1
stumbling, 1
seize, 1
redress, 1
ropery, 1
maidenhoods, 1
unthankfulness, 1
slays, 1
sort, 1
reconcile, 1
raging, 1
haunt, 1
unreasonable, 1
evening, 1
chat, 1
tybalts, 1
excused, 1
rains, 1
employment, 1
absolver, 1
backs, 1
scrape, 1
nick, 1
points, 1
arithmetic, 1
lucio, 1
denote, 1
provided, 1
faintly, 1
resign, 1
prepared, 1
fisher, 1
sides, 1
lane, 1
displant, 1
oppress, 1
impatient, 1
bedaub, 1
depth, 1
doves, 1
menace, 1
ambiguities, 1
incorporate, 1
hooks, 1
stumblest, 1
cynthia, 1
tombs, 1
pry, 1
nuns, 1
soften, 1
cheerful, 1
renown, 1
hai, 1
dainty, 1
gi, 1
unstain, 1
gleek, 1
attires, 1
franciscan, 1
margent, 1
breaches, 1
dislike, 1
friendly, 1
infinite, 1
putting, 1
rattling, 1
surgeon, 1
died, 1
gipsy, 1
busied, 1
petrarch, 1
pout, 1
noted, 1
unsatisfied, 1
sovereign, 1
uncomfortable, 1
earliness, 1
ladyship, 1
runagate, 1
dowdy, 1
pipes, 1
access, 1
waiting, 1
worshipp, 1
folks, 1
schoolboys, 1
unruly, 1
downright, 1
merriment, 1
betwitched, 1
beasts, 1
youngest, 1
bachelor, 1
endart, 1
lucentio, 1
extreme, 1
receive, 1
cleopatra, 1
befits, 1
spices, 1
chaste, 1
countervail, 1
untangled, 1
ensign, 1
mongers, 1
singing, 1
ape, 1
furthest, 1
figure, 1
tempering, 1
pentecost, 1
cram, 1
intend, 1
jests, 1
pencil, 1
ethiope, 1
babe, 1
snatching, 1
becomes, 1
earthen, 1
sore, 1
train, 1
ashamed, 1
below, 1
gills, 1
becomed, 1
stroke, 1
napkins, 1
sweeting, 1
thin, 1
drops, 1
weaker, 1
bent, 1
plate, 1
rode, 1
pieces, 1
slip, 1
martyr, 1
trumpet, 1
contempt, 1
procures, 1
six, 1
parlous, 1
tickling, 1
lamp, 1
courtiers, 1
discolour, 1
lodge, 1
watery, 1
elflocks, 1
cupboard, 1
summers, 1
perjury, 1
abuse, 1
fits, 1
ties, 1
trifling, 1
frowning, 1
emperor, 1
lame, 1
budge, 1
sententious, 1
allow, 1
furious, 1
hereabout, 1
martino, 1
unmade, 1
dispraise, 1
furnish, 1
havior, 1
thigh, 1
widowed, 1
rebellious, 1
vainly, 1
alliance, 1
braggart, 1
miscarried, 1
dispose, 1
housewife, 1
banquet, 1
holiday, 1
deceit, 1
grievances, 1
spell, 1
repliest, 1
skitless, 1
cutting, 1
scatter, 1
strive, 1
masters, 1
crossing, 1
bills, 1
traces, 1
experienced, 1
esteem, 1
showering, 1
bump, 1
pantry, 1
society, 1
books, 1
phoebus, 1
special, 1
respects, 1
maw, 1
unhallow, 1
chaos, 1
ducats, 1
frowns, 1
unwieldy, 1
heretics, 1
maintains, 1
attending, 1
needly, 1
masks, 1
tempt, 1
minstrel, 1
yard, 1
deprived, 1
scars, 1
cures, 1
unbruised, 1
retain, 1
scare, 1
south, 1
spilt, 1
powerful, 1
heareth, 1
echo, 1
str